{
  "Doan_Minh_Quang": {
    "full_name": "Doan Minh Quang",
    "email": "",
    "phone": "",
    "created_at": "2025-10-30T22:04:53.271062",
    "face_samples": 3,
    "voice_samples": 2,
    "face_embeddings": [
      "data/faces/Doan_Minh_Quang_face_1.npy",
      "data/faces/Doan_Minh_Quang_face_2.npy",
      "data/faces/Doan_Minh_Quang_face_3.npy"
    ],
    "voice_samples_files": [
      "data/voices/Doan_Minh_Quang_voice_1.wav",
      "data/voices/Doan_Minh_Quang_voice_2.wav"
    ],
    "last_face_update": "2025-10-30T22:05:12.333877",
    "last_voice_update": "2025-10-30T22:09:08.645679"
  }
}